day(d),DNI(kWh/m2/day),Tamb(째C),mdotDemand(kg/s/day),Tdemand(째C),mdotSF(kg/s/day),TSF(째C),mdotAux(kg/s/day),qBoiler(MWh/day),qAbs(kWh/m2/day),Mstor(t),Tstor(째C),mdotStToBoiler(kg/s/day),mdotSFToBoiler(kg/s/day),mdotSFToSt(kg/s/day) 
0,0.99824,11.6933,999,350,297.133,92.8571,660.242,336.036,0.385175,46.0166,163.745,138.261,200.497,96.6364
1,3.7878,10.1492,999,350,614.954,153.411,515.878,301.321,1.44574,185.931,164.874,70.0003,413.122,201.832
2,6.11521,8.94458,999,350,922.698,164.637,78.1685,235.756,2.30545,334.395,163.817,284.612,636.219,286.478
3,5.04594,9.14583,999,350,844.44,146.687,149.644,259.766,1.79884,302.44,155.959,239.45,609.906,234.534
4,0.7928,11.3167,999,350,210.819,97.4769,659.399,332.773,0.313612,104.536,143.856,185.044,154.557,56.2619
5,1.97192,14.2533,999,350,524.948,109.771,604.116,331.471,0.760714,222.643,107.73,70.0007,324.883,200.065
6,1.09902,13.4862,999,350,271.105,111.961,597.831,330.93,0.414659,128.014,108.272,244.085,157.084,114.021
7,3.85156,13.5692,999,350,753.344,132.662,245.656,285.473,1.35545,103.891,134.158,212.691,540.653,212.691
8,1.96691,11.0833,999,350,772.66,92.8571,256.068,321.788,0.784918,181.501,91.8191,298.608,444.324,328.335
9,5.58166,9.60417,999,350,917.792,151.045,180.272,266.025,2.03902,229.776,156.627,191.719,627.009,290.784
10,2,11.5763,999,350,426.684,140.201,547.611,308.971,0.881542,249.57,155.693,198.792,252.597,174.087
11,2.99037,9.99959,999,350,788.25,128.203,235.883,287.518,1.3604,310.42,136.28,322.202,440.915,347.335
12,6.77845,10.5146,999,350,926.074,173.947,80.7803,230.404,2.49548,340.413,158.416,220.535,697.684,228.39
13,6.67767,11.5196,999,350,920.734,173.021,72.9262,223.365,2.4645,315.271,167.317,231,695.074,225.66
14,5.77347,10.0813,999,350,908.728,158.351,78.2663,238.678,2.14947,292.444,151.932,273.105,647.628,261.099
15,3.7035,10.6271,999,350,920.007,125.13,122.345,285.668,1.52904,380.619,147.122,263.921,612.734,307.273
16,3.19666,8.7125,999,350,630.963,144.041,369.037,290.593,1.34217,363.171,161.691,237.452,392.512,238.451
17,6.04994,10.3546,999,350,962.128,159.74,45.9211,235.968,2.31063,425.426,161.151,237.786,715.293,246.835
18,5.53329,10.7712,999,350,907.051,155.113,106.873,242.457,2.08332,403.983,149.06,252.452,639.675,267.376
19,6.94578,10.0446,999,350,962.768,178.335,27.7449,220.218,2.68112,397.264,162.103,227.097,744.158,218.61
20,6.57936,10.5625,999,350,950.472,172.516,42.4415,219.656,2.53525,400.772,171.832,224.518,732.04,218.432
21,2.27226,8.50667,999,350,871.369,92.8571,57.6849,296.171,0.871485,383.927,119.386,310.696,630.619,240.75
22,0.32152,6.735,999,350,103.572,92.8571,791.896,349.693,0.156176,73.4661,89.0017,107.104,100,3.57207
23,1.57365,9.95583,999,350,463.052,92.8571,535.948,336.051,0.516133,59.4423,92.1663,151.74,311.313,151.739
24,2.79367,10.3346,999,350,690.931,124.944,493.352,317.042,1.18061,236.572,141.513,34.4197,471.228,219.703
25,0.87548,9.94083,999,350,187.894,106.636,625.824,328.461,0.318736,153.301,133.996,185.283,187.894,1.42109e-14
26,3.88116,10.5692,999,350,660.119,163.351,522.015,298.708,1.66662,254.86,179.599,20.001,456.984,203.135
27,4.39163,10.8771,999,350,970.523,139.84,26.8656,250.3,1.91417,405.433,161.465,334.401,637.733,332.79
28,5.54647,9.53667,999,350,977.124,155.653,28.4765,238.739,2.25361,446.59,154.18,218.203,752.32,224.804
29,5.6233,6.69959,999,350,968.796,159.448,21.876,232.543,2.32123,411.719,152.133,280.491,696.633,272.163
30,7.24308,6.2425,999,350,977.124,188.936,30.2037,209.613,2.94734,478.719,179.437,199.796,769,208.124
31,7.01618,6.59583,999,350,962.77,187.348,28.398,196.197,2.88412,403.442,183.189,235.974,734.628,228.142
32,6.91837,6.6575,999,350,960.047,186.974,46.0774,204.394,2.86969,400.55,173.586,225.27,727.653,232.394
33,5.68553,7.02625,999,350,967.236,157.83,22.5834,229.52,2.28053,448.851,154.89,214.22,762.196,205.04
34,6.86045,7.87958,999,350,962.764,187.622,41.231,209.728,2.88789,397.209,169.001,225.758,732.011,230.753
35,6.79962,8.46125,999,350,965.794,187.548,28.0459,200.925,2.89451,391.059,179.759,223.415,747.539,218.255
36,6.32163,9.54416,999,350,976.847,180.207,31.929,208.04,2.76947,387.535,172.805,236.493,730.578,246.269
37,6.90346,9.27333,999,350,975.503,190.33,22.1529,198.994,2.98228,410.9,174.966,249.308,727.539,247.963
38,5.26696,11.3454,999,350,961.787,159.085,23.4973,229.456,2.29779,378.212,164.747,218.763,756.739,205.047
39,6.79211,9.42625,999,350,965.512,189.623,44.8751,204.868,2.94338,369.408,171.578,210.277,743.848,221.665
40,7.03989,10.0554,999,350,975.883,195.39,26.9412,192.524,3.08698,396.463,179.87,229.714,742.345,233.538
41,5.43458,10.57,999,350,861.092,174.197,137.298,235.308,2.36193,417.891,184.461,212.876,648.826,212.267
42,7.11935,10.6521,999,350,953.857,202.317,22.612,186.191,3.17048,391.775,197.153,250.386,726.002,227.855
43,1.97011,10.2612,999,350,700.429,106.056,133.714,283.485,0.879392,244.535,155.981,403.552,461.734,238.696
44,3.81329,9.75375,999,350,823.787,139.493,209.998,275.306,1.62725,244.561,134.734,224.465,564.537,259.25
45,0.25293,11.4787,999,350,136.07,92.8571,894.213,353.059,0.159202,93.2458,98.7454,54.7872,50,86.0695
46,2.14568,10.2279,999,350,671.171,130.391,394.868,308.009,1.1985,228.506,134.298,225.407,378.724,292.447
47,4.39682,10.5342,999,350,882.019,155.929,76.8918,243.759,2.01029,350.775,149.274,315.128,606.98,275.039
48,7.06454,10.8567,999,350,963.476,203.719,116.98,204.256,3.21681,323.159,187.782,151.336,730.683,232.792
49,1.11054,12.5513,999,350,625.151,92.8571,379.49,306.871,0.623781,358.078,133.165,338.727,280.783,344.368
50,5.69974,13.3433,999,350,974.982,181.248,30.0722,230.695,2.79449,413.386,156.282,287.046,681.882,293.1
51,6.52111,13.3796,999,350,960.808,202.365,23.8303,184.634,3.18484,405.263,197.975,269.484,705.686,255.122
52,5.46461,13.1304,999,350,959.617,178.571,38.1916,208.224,2.69439,376.337,183.917,253.187,707.622,251.995
53,7.88845,13.1288,999,350,975.346,227.803,39.383,165.752,3.76999,408.252,206.472,191.674,767.943,207.403
54,8.01515,13.7833,999,350,963.174,234.186,23.6542,146.495,3.86624,386.239,222.024,226.965,748.381,214.793
55,7.92896,14.2367,999,350,959.26,234.346,38.0794,149.589,3.85446,371.438,223.138,217.648,743.273,215.988
56,7.36557,13.4742,999,350,975.701,219.167,37.4856,162.714,3.58815,402.219,211.04,215.401,746.113,229.588
57,6.02071,13.4292,999,350,969.413,193.525,26.9709,195.757,3.02184,418.424,205.871,335.183,636.846,332.566
58,6.7856,11.3558,999,350,975.586,212.645,25.9149,172.66,3.45994,428.755,212.767,275.934,697.152,278.435
59,0.77323,12.44,999,350,234.278,126.49,652.013,309.95,0.453837,250.969,181.805,217.564,129.423,104.855
60,0.00952,11.3504,999,350,0,-nan(ind),925.122,352.734,0.00626588,48.6595,129.954,73.8778,-7.10543e-15,7.10543e-15
61,0.45005,11.1754,999,350,204.851,92.8571,794.149,349.255,0.217327,43.1236,92.5403,156.785,48.0657,156.785
62,0.27031,10.6213,999,350,96.5492,92.8571,902.451,354.675,0.137214,0.000172497,8.04764,0.000287487,96.5492,6.39488e-14
63,2.38394,12.5508,999,350,634.516,137.546,546.743,313.674,1.28363,230.121,142.37,34.1513,418.105,216.411
64,3.10737,13.04,999,350,994.91,124.573,5.6952,262.516,1.63819,406.591,120.337,387.034,606.27,388.64
65,2.98294,14.2254,999,350,588.583,177.905,407.929,292.697,1.69565,378.675,162.09,203.864,387.206,201.377
66,6.68683,15.1417,999,350,992.248,207.472,0,170.216,3.3923,435.542,199.397,244.048,754.952,237.297
67,4.6494,14.7337,999,350,978.619,165.304,0,216.914,2.46523,385.505,171.712,264.061,734.939,243.679
68,7.25154,14.1304,999,350,1023.32,222.054,7.36376,166.37,3.84027,376.629,197.764,189.939,801.697,221.619
69,7.19733,13.9258,999,350,989.224,225.821,0,149.542,3.80538,412.047,209.986,206.607,792.393,196.831
70,7.38608,14.2887,999,350,1009.39,230.419,0,146.506,3.98249,381.678,213.411,200.197,798.803,210.591
71,7.49837,14.7983,999,350,1020.13,232.17,0,148.298,4.06223,467.285,223.701,187.329,811.671,208.455
72,7.47566,15.8079,999,350,999.355,236.457,0,137.469,4.08821,489.038,230.554,213.37,785.63,213.726
73,3.73313,15.8042,999,350,936.167,149.903,0,222.576,2.05643,537.209,184.257,323.653,675.347,260.82
74,6.71038,16.3642,999,350,1045.24,213.104,15.2071,182.621,3.7071,400.668,204.782,250.284,733.509,311.731
75,7.76075,15.3204,999,350,987.448,248.55,0,126.997,4.32458,449.347,232.601,201.044,797.956,189.492
76,7.69071,15.28,999,350,1011.35,244.273,0,126.59,4.31516,439.532,234.789,232.811,766.189,245.163
77,8.02603,15.1042,999,350,984.017,257.987,0,117.465,4.51074,453.775,238.185,207.457,791.543,192.474
78,8.17822,15.93,999,350,998.916,259.973,3.74755,111.611,4.61822,419.813,247.92,203.909,791.343,207.573
79,8.18502,15.6279,999,350,1004.05,259.862,0,110.023,4.63772,447.455,247.354,199.089,799.911,204.142
80,7.8076,14.5704,999,350,1000.97,253.571,0,117.049,4.48469,458.03,244.012,193.167,805.833,195.139
81,5.66943,14.9063,999,350,991.936,196.799,0,174.434,3.17017,588.875,213.703,187.609,811.391,180.545
82,0.05718,15.1987,999,350,1.42637,92.8571,801.492,326.518,0.0330285,164.64,192.077,196.081,1.42637,4.9738e-14
83,6.99613,15.7217,999,350,1025.31,229.546,139.999,170.105,4.03645,232.648,208.355,33.0018,825.999,199.309
84,7.89222,15.8246,999,350,1038.27,250.323,0,127.445,4.52404,437.083,227.296,166.796,832.204,206.07
85,4.77202,15.9592,999,350,762.623,209.719,237.706,206.612,2.72365,437.252,218.849,278.325,482.97,279.654
86,1.76749,15.6267,999,350,686.569,115.083,284.762,280.03,0.993391,405.873,139.951,361.427,352.81,333.759
87,0.67326,11.6967,999,350,338.115,99.0019,481.644,331.133,0.401027,183.611,91.4067,297.178,220.178,117.937
88,6.9744,12.2621,999,350,1008.06,234.864,139.999,168.456,4.04526,325.354,231.729,65.9148,793.086,214.973
89,9.0158,12.3617,999,350,1057.82,280.761,0.0840202,84.1698,5.36767,386.471,236.612,177.493,821.423,236.393
90,2.52681,19.1846,999,350,965.081,119.93,4.55803,243.503,1.50905,472.861,162.837,351.875,642.567,322.515
91,0.29225,15.7154,999,350,182.959,92.8571,671.402,343.322,0.19691,185.213,90.964,198.598,129,53.9594
92,5.95361,17.1117,999,350,1047.72,201.116,124.911,203.455,3.46079,298.306,193.774,76.3665,797.722,250.002
93,0.09413,20.3654,999,350,6.61814,92.8571,784.787,325.945,0.060545,176.729,185.329,207.595,6.61814,2.13163e-14
94,6.6539,21.7113,999,350,1018.6,228.668,155.267,174.695,3.98591,235.633,215.381,50.8048,792.928,225.676
95,7.61167,19.4813,999,350,1011.99,257.644,6.6994,122.344,4.61496,398.586,231.348,176.04,816.261,195.726
96,8.31144,19.3787,999,350,1009.32,278.658,0,89.2662,5.09212,447.845,250.697,196.863,802.137,207.185
97,5.31735,18.1987,999,350,923.581,215.08,73.8233,173.253,3.37031,486.123,233.022,330.667,594.51,329.071
98,8.67058,18.8921,999,350,998.716,292.735,0,77.0747,5.36243,450.692,245.633,199.087,799.913,198.803
99,8.77047,20.2913,999,350,985.82,298.549,0,70.4542,5.44804,441.389,266.708,199.444,799.556,186.264
100,8.6812,19.1971,999,350,987.219,296.085,0,67.1595,5.41004,404.785,276.661,197.432,801.568,185.651
101,8.57408,20.0846,999,350,1006.16,289.964,0,72.0466,5.35069,411.858,270.426,173.005,825.995,180.164
102,8.65975,20.13,999,350,1010.03,292.183,0,69.7759,5.42935,408.536,262.763,196.916,802.084,207.947
103,8.45656,19.2083,999,350,978.081,293.004,0,77.071,5.30115,409.526,268.964,192.163,806.837,171.244
104,7.60042,18.8562,999,350,952.892,275.388,0,87.6539,4.79559,374.482,264.428,208.429,790.571,162.321
105,8.90885,18.3321,999,350,1076.28,287.529,0,75.3669,5.6446,358.235,261.334,164.565,834.435,241.846
106,2.87609,17.8229,999,350,770.963,165.528,229.582,235.226,1.9671,479.197,214.998,312.195,457.223,313.74
107,2.32703,16.4454,999,350,624.043,164.004,275.324,254.879,1.57494,387.258,171.064,328.889,394.787,229.256
108,2.90354,16.9987,999,350,711.545,171.785,179.061,245.956,1.86839,208.333,175.007,308.748,511.192,200.353
109,3.59856,15.4138,999,350,819.795,186.663,352.839,256.36,2.4401,247.098,196.562,182.923,463.238,356.557
110,3.26914,14.6633,999,350,962.875,151.09,9.68131,221.585,2.12076,485.969,144.945,411.528,577.79,385.084
111,0.79676,14.7742,999,350,412.062,101.037,439.748,327.555,0.526995,144.128,91.8708,292.767,266.486,145.576
112,6.8008,14.825,999,350,1109.28,228.249,89.999,156.442,4.31732,310.489,209.021,146.97,762.031,347.249
113,4.65959,16.7467,999,350,778.949,219.642,78.8956,184.874,2.91058,362.383,208.865,411.387,508.717,270.232
114,10.5009,17.4783,999,350,1051.5,339.337,40.2443,34.6112,6.79914,236.549,321.659,72.5109,886.245,165.26
115,9.87456,18.5662,999,350,1017.22,331.659,0,17.1434,6.40677,364.518,314.165,146.599,852.401,164.821
116,8.78731,18.6979,999,350,1036.58,298.128,0,61.3857,5.69384,495.541,285.785,128.996,870.004,166.571
117,0.04425,15.7642,999,350,0,-nan(ind),791.329,303.691,0.0284002,176.809,276.702,207.671,0,0
118,1.72653,15.2963,999,350,802.54,116.256,333.155,305.949,1.17566,225.419,115.354,267.675,398.17,404.37
119,3.1277,16.8696,999,350,742.815,177.262,119.49,237.757,2.04645,229.927,141.168,331.132,548.378,194.437
120,8.03984,15.9092,999,350,1081.36,271.951,91.7813,123.905,5.3111,252.677,285.257,63.5881,843.631,237.724
121,8.38878,17.5117,999,350,991.953,298.88,0,60.4877,5.49698,380.28,284.934,167.429,831.571,160.382
122,7.62663,19.0108,999,350,1037.96,267.706,0,91.8978,4.99251,444.226,252.138,135.919,863.081,174.88
123,5.10368,20.0538,999,350,979.412,207.031,0,166.265,3.39964,469.365,219.384,224.581,774.419,204.993
124,5.29972,20.1679,999,350,894.382,230.113,82.5088,175.538,3.57281,443.054,231.699,312.78,603.711,290.671
125,6.17571,22.8229,999,350,973.586,240.187,0,129.093,4.05018,438.145,247.314,195.956,803.044,170.542
126,6.51254,22.4121,999,350,965.301,250.55,1.41823,121.792,4.26348,280.623,236.82,199.192,798.39,166.912
127,6.35691,21.5813,999,350,1099.47,225.102,0,146.254,4.21096,431.613,214.012,117.408,881.592,217.879
128,2.06564,18.9946,999,350,671.68,141.884,274.927,269.99,1.37925,377.635,179.29,326.273,397.799,273.881
129,5.46254,17.0642,999,350,1026.28,212.552,0,170.296,3.62021,447.037,191.291,284.178,714.822,311.457
130,3.1759,16.265,999,350,977.811,149.178,0,231.686,2.14734,504.605,167.059,367.624,631.376,346.435
131,3.81681,17.6379,999,350,819.037,189.139,214.381,245.597,2.51781,430.166,189.868,271.716,512.903,306.134
132,1.28412,17.1983,999,350,550.758,118.942,252.998,277.412,0.861722,287.363,185.528,430.425,315.576,235.181
133,4.87251,17.5575,999,350,898.639,216.476,100.36,181.315,3.24104,173.567,227.899,212.799,685.841,212.798
134,2.39555,17.8983,999,350,884.118,132.437,195.253,279.688,1.60455,236.919,136.751,214.243,589.504,294.614
135,2.70582,17.7925,999,350,777.752,153.156,194.099,264.617,1.77634,239.344,155.501,239.638,565.263,212.489
136,4.85125,16.5771,999,350,1088.82,183.765,36.7779,217.385,3.23814,335.139,192.244,215.677,746.546,342.27
137,7.08679,18.1487,999,350,973.138,268.627,0,103.077,4.7522,367.596,233.171,177.292,821.708,151.43
138,6.98597,17.8471,999,350,1045.2,252.932,0,115.148,4.68788,393.849,232.125,162.713,836.287,208.91
139,4.20605,17.9392,999,350,907.779,188.868,0.151114,182.31,2.82346,400.574,204.952,270.858,727.991,179.789
140,4.23409,17.6321,999,350,1085.81,172.473,0,210.168,2.87699,474.466,164.987,378.873,620.127,465.686
141,4.12132,18.7729,999,350,831.452,196.276,82.132,215.858,2.77253,278.589,175.929,250.263,666.605,164.847
142,9.66952,19.8612,999,350,1096.37,318.434,0,40.9986,6.49909,383.378,266.054,93.7797,905.22,191.149
143,3.53183,19.6508,999,350,943.795,162.644,0,196.864,2.38016,516.778,216.686,325.648,673.352,270.443
144,5.54956,18.1396,999,350,1033.74,216.413,0,172.179,3.73134,486.517,192.081,232.867,766.133,267.611
145,7.62076,16.2608,999,350,919.129,304.86,99.7816,109.071,5.13294,426.297,271.085,189.532,709.687,209.442
146,5.70857,17.3738,999,350,993.77,225.263,0,133.899,3.83617,618.927,268.588,172.719,826.281,167.489
147,3.87545,16.2304,999,350,928.283,177.176,0,188.478,2.62589,457.367,195.843,365.933,633.067,295.216
148,3.36496,17.3525,999,350,938.819,160.986,67.0062,231.746,2.28729,396.657,140.096,375.109,556.885,381.934
149,1.57652,18.1429,999,350,621.535,125.14,239.292,296.822,1.06096,192.833,106.591,362.312,397.396,224.139
150,2.53886,17.6663,999,350,384.584,240.588,737.242,301.815,1.70727,125.514,250.463,33.2411,228.517,156.067
151,8.83912,24.7704,999,350,1011.4,313.119,0.457622,44.7679,5.95215,250.573,259.201,195.59,802.952,208.448
152,9.79248,25.0212,999,350,1059.1,329.289,0.196617,31.6543,6.60704,347.86,278.427,147.489,851.314,207.782
153,7.9509,23.9662,999,350,965.529,296.885,0,63.6767,5.36733,409.079,278.811,191.912,807.088,158.441
154,9.40289,24.7721,999,350,995.457,333.974,0.837336,27.8142,6.35707,342.387,290.383,167.81,830.353,165.104
155,9.55084,24.0692,999,350,998.549,337.206,0,19.4214,6.45597,358.353,303.3,151.596,847.404,151.145
156,9.12657,23.4471,999,350,1041.93,315.66,0,35.3058,6.17411,412.775,290.416,160.044,838.956,202.969
157,4.81202,22.645,999,350,900.457,213.551,12.8402,156.782,3.25083,409.655,245.02,324.934,661.226,239.231
158,6.78104,21.9483,999,350,1010.63,254.662,0,121.141,4.59461,299.812,246.458,197.617,801.383,209.243
159,8.44306,21.0025,999,350,1043.98,294.674,0.19294,69.3357,5.70347,307.437,269.088,146.938,851.869,192.107
160,9.39509,21.5558,999,350,987.614,335.755,0.0672239,25.8783,6.35818,349.426,288.762,175.293,823.64,163.974
161,9.57394,21.6317,999,350,1016.59,332.969,0,20.4466,6.47249,365.826,295.662,165.634,833.366,183.228
162,9.15076,21.1362,999,350,1027.46,317.937,0,37.6848,6.18387,422.004,285.468,178.168,820.832,206.631
163,1.36413,20.9292,999,350,666.209,105.603,316.275,273.865,0.906028,449.702,188.255,322.605,360.12,306.089
164,0.90679,21.7054,999,350,425.467,104.025,568.117,332.112,0.615018,369.409,105.416,191.591,239.292,186.174
165,3.31154,22.18,999,350,718.938,188.191,301.617,263.674,2.23033,385.474,157.095,186.175,511.208,207.729
166,0.34383,22.2317,999,350,172.201,92.8571,619.07,317.036,0.236095,186.104,182.47,267.821,112.11,60.0915
167,9.52091,22.4067,999,350,1110.23,310.451,89.9988,70.2293,6.43251,246.493,292.469,35.464,873.537,236.697
168,8.41086,20.8883,999,350,999.197,303.544,0,59.1427,5.68423,429.018,288.794,217.823,781.177,218.02
169,7.50767,21.4308,999,350,946.818,288.77,0,71.8358,5.08441,342.959,274.45,220.149,778.851,167.966
170,9.74171,22.4575,999,350,1024.61,335.356,0,28.2457,6.58458,343.009,290.07,153.195,845.805,178.8
171,9.66101,24.9983,999,350,1030.25,332.082,0,18.0494,6.52918,424.776,299.608,155.805,843.195,187.05
172,7.24902,25.685,999,350,927.45,286.334,0,73.6073,4.91224,456.325,272.383,188.67,810.33,117.12
173,9.41224,25.3646,999,350,1035.05,324.177,0.870441,41.7186,6.36532,309.823,288.586,148.45,849.68,185.375
174,9.54903,24.2667,999,350,984.362,339.753,0.790893,16.7984,6.45578,344.957,307.598,174.586,823.623,160.74
175,9.52126,22.5808,999,350,1006.51,333.501,0.824373,21.7149,6.43516,339.368,305.974,161.962,836.214,170.298
176,9.47453,22.9979,999,350,1008.64,331.633,0,20.0409,6.40327,353.516,295.683,170.108,828.892,179.75
177,9.30371,24.55,999,350,1011.29,326.71,0,30.0423,6.294,384.956,283.582,181.608,817.392,193.896
178,9.07539,26.5121,999,350,964.406,331.588,0.241072,27.784,6.14303,357.734,285.207,193.559,805.2,159.205
179,9.21812,26.715,999,350,989.926,328.825,0,32.5442,6.23629,306.148,296.43,167.045,831.955,157.971
180,10.3162,25.745,999,350,1005.77,348.694,0.0752445,11.6153,6.97427,329.844,325.975,149.337,849.588,156.185
181,10.2345,25.6229,999,350,1002.63,350,0,3.3799,6.91835,328.822,341.218,157.599,841.401,161.229
182,10.2636,28.3129,999,350,1009.6,350,0,3.23806,6.93575,345.954,341.371,161.206,837.794,171.808
183,10.4492,30.2342,999,350,1037.53,350,0,2.61552,7.06033,435.662,339.671,150.238,848.762,188.764
184,10.099,29.1533,999,350,996.866,350,0,2.79646,6.82722,510.868,337.739,160.957,838.043,158.823
185,9.83316,27.9467,999,350,974.051,349.277,0,3.63376,6.65272,452.904,335.306,173.729,825.271,148.781
186,9.87201,26.8542,999,350,993.304,346.376,0,5.97325,6.67549,381.915,331.284,172.822,826.178,167.125
187,9.75181,28.1975,999,350,997.675,342.985,0,8.71887,6.60135,365.13,321.966,170.845,828.155,169.52
188,9.78881,30.1417,999,350,991.737,344.588,0,12.514,6.6191,365.296,320.289,165.826,833.174,158.563
189,9.72072,27.6192,999,350,1002.51,340.882,0.195599,11.1087,6.5784,347.997,321.347,166.124,832.681,169.834
190,9.56645,28.4412,999,350,983.644,341.185,0.884873,14.2545,6.47594,336.611,314.288,171.183,826.933,156.711
191,9.33987,28.4029,999,350,1012.16,328.708,0,24.2492,6.32926,349.204,304.354,160.652,838.348,173.814
192,9.60166,28.4717,999,350,1010.12,335.933,0,21.4158,6.50114,377.572,299.135,156.427,842.573,167.55
193,9.14953,28.1117,999,350,1003.37,325.4,0,30.2357,6.20061,399.835,299.75,174.235,824.765,178.608
194,9.41976,26.8521,999,350,1023.61,327.415,0,28.3334,6.37358,407.168,295.806,178.102,820.898,202.711
195,9.1856,25.4937,999,350,954.276,336.416,0.74595,31.5919,6.21081,391.548,312.203,205.214,793.041,161.236
196,9.91832,26.0421,999,350,1020.36,341.557,0,6.74327,6.7046,357.533,324.466,167.465,831.535,188.829
197,9.64386,26.1667,999,350,995.662,339.786,0,15.1878,6.51842,390.554,310.536,178.6,820.4,175.263
198,9.67581,25.1342,999,350,1010.58,337.175,0,17.5929,6.54051,416.122,308.336,163.319,835.681,174.902
199,9.40889,24.1454,999,350,1004.27,331.555,0,19.848,6.36609,428.159,299.409,186.996,812.004,192.267
200,8.84532,23.4775,999,350,959.516,324.589,0.355817,37.8416,5.97068,377.064,291.103,218.503,780.141,179.375
201,9.81545,24.6683,999,350,1015.82,339.74,0,16.4571,6.63251,358.247,304.33,152.062,846.938,168.886
202,9.5394,23.9858,999,350,1004.47,334.954,0,20.6056,6.45088,389.443,307.091,167.683,831.317,173.148
203,9.43143,26.5804,999,350,1008.93,331.046,1.29414,22.0402,6.37769,391.165,301.212,180.213,817.493,191.434
204,9.42935,27.4683,999,350,1009,331.117,0,25.7472,6.37859,445.74,293.081,164.352,834.648,174.351
205,9.16365,28.2887,999,350,989.349,328.759,0,29.3526,6.2032,450.571,295.336,192.088,806.912,182.437
206,9.1024,30.0304,999,350,1001.25,323.574,0,30.8343,6.15452,418.153,290.177,195.4,803.6,197.651
207,9.00223,30.3783,999,350,987.309,324.601,0.632996,31.1178,6.09416,397.16,278.636,197.189,801.178,186.132
208,8.85017,30.3821,999,350,1024.95,311.854,0,46.7635,5.99195,459.735,270.185,154.16,844.84,180.105
209,8.74108,30.4521,999,350,973.562,320.511,0,40.9896,5.91814,435.24,272.662,205.506,793.494,180.068
210,8.39103,29.8275,999,350,974.566,310.433,0,51.5637,5.68468,376.184,273.601,185.249,813.751,160.815
211,9.37328,29.4413,999,350,1048.62,322.11,0,37.1173,6.34534,427.853,284.463,145.89,853.11,195.511
212,4.13068,22.8033,999,350,641.895,241.05,320.465,199.329,2.79752,371.004,275.297,207.734,470.801,171.094
213,9.45604,23.5621,999,350,1003.5,334.089,0,31.5029,6.39661,378.121,292.153,174.486,824.514,178.987
214,9.58355,25.7667,999,350,1002.33,338.195,0,17.416,6.48066,395.712,312.345,166.393,832.607,169.721
215,9.32467,26.7033,999,350,981.076,335.601,0,20.1742,6.30367,391.503,310.329,167.881,831.119,149.957
216,9.33907,27.0621,999,350,1004.16,330.589,0.114075,22.1448,6.31204,351.109,301.433,163.097,835.789,168.37
217,9.27983,27.7108,999,350,1001.33,329.511,0.265292,31.7186,6.2698,364.271,301.203,166.272,832.463,168.863
218,9.29982,28.2242,999,350,986.834,333.566,0.807559,23.3459,6.28069,353.148,310.743,171.217,826.975,159.859
219,9.59985,28.9321,999,350,1024.01,333.357,0.97817,23.0894,6.48281,367.999,312.545,158.318,839.704,184.311
220,9.0851,28.1271,999,350,986.763,326.931,0,30.0842,6.12818,398.782,310.411,188.324,810.676,176.087
221,9.2463,26.7713,999,350,995.536,329.374,1.41405,26.6992,6.23626,370.844,304.16,175.677,821.909,173.626
222,9.34474,26.9458,999,350,1020.9,326.224,0.372576,30.9519,6.2996,399.05,300.435,169.614,829.013,191.886
223,9.13181,28.0358,999,350,973.719,331.245,0.663548,26.6895,6.15217,389.176,301.653,194.645,803.691,170.028
224,9.29577,28.1433,999,350,1019.99,324.815,0.793284,27.8703,6.25891,384.318,291.592,168.36,829.847,190.139
225,9.14131,27.2246,999,350,997.039,325.573,0,32.9559,6.15166,418.876,285.129,191.497,807.503,189.536
226,8.95746,27.3133,999,350,985.31,322.864,0,35.9918,6.02384,405.353,286.189,191.682,807.318,177.992
227,9.109,27.8308,999,350,987.05,326.902,0.521121,32.377,6.12161,357.538,290.218,190.833,807.646,179.404
228,8.9961,28.5592,999,350,1045.25,310.222,0,46.2331,6.03921,411.419,283.075,153.928,845.072,200.182
229,7.36185,27.1467,999,350,984.524,275.732,13.35,96.6482,4.91307,454.208,281.541,214.998,770.652,213.872
230,8.2638,24.7996,999,350,967.906,305.588,1.23641,58.876,5.52812,400.448,289.279,206.692,791.072,176.835
231,9.07451,24.9108,999,350,1013.85,318.866,0,40.2005,6.07687,404.513,294.076,182.621,816.379,197.475
232,9.06854,25.9325,999,350,981.143,326.141,0,31.4421,6.06849,402.326,292.715,198.882,800.118,181.025
233,8.96916,25.0787,999,350,1013.95,315.458,0,43.9325,5.99773,397.291,290.955,176.37,822.63,191.323
234,8.99634,26.9333,999,350,989.454,321.638,0,38.0844,6.00878,404.674,293.137,195.95,803.05,186.405
235,8.75675,26.5363,999,350,1006.8,310.622,0,49.3237,5.84305,423.599,292.173,160.486,838.514,168.285
236,8.62923,28.1112,999,350,969.093,315.243,0,45.4937,5.74823,390.708,291.018,177.917,821.083,148.011
237,8.92465,28.9533,999,350,1025.75,310.76,0,48.9054,5.9375,357.753,292.058,169.739,829.261,196.489
238,8.73025,30.6871,999,350,988.833,313.161,0,48.2189,5.80315,416.305,291.854,171.746,827.254,161.579
239,8.39416,30.0808,999,350,1010.54,298.811,0,61.8932,5.56904,406.843,287.541,169.303,829.697,180.846
240,7.4149,29.2442,999,350,963.705,279.191,0,77.3861,4.91373,386.721,259.879,169.524,829.476,134.229
241,8.54507,27.3963,999,350,1039.99,295.779,0,75.8826,5.65253,371.943,264.617,158.259,840.741,199.252
242,8.38068,27.1896,999,350,992.205,301.452,0,62.1331,5.5383,429.419,282.115,186.741,812.259,179.946
243,8.25821,25.7971,999,350,1011.7,293.637,1.32913,68.3722,5.44664,424.407,279.131,189.157,808.514,203.184
244,8.23244,25.4683,999,350,997.814,295.408,0,68.7428,5.41509,467.051,275.906,191.495,807.505,190.308
245,8.1835,25.5092,999,350,983.514,296.694,0,66.9507,5.37097,422.368,277.588,188.431,810.569,172.945
246,6.94242,26.6142,999,350,1010.92,254.717,0,109.141,4.53926,474.405,257.333,151.258,847.742,163.177
247,6.86019,26.6946,999,350,1008.17,252.333,0,116.568,4.46447,489.367,239.103,183.193,815.807,192.361
248,7.24071,24.3238,999,350,980.652,267.579,0,101.697,4.70259,417.718,236.973,199.063,799.937,180.715
249,7.6303,23.6417,999,350,1022.41,271.063,0,100.831,4.96637,456.022,244.147,175.627,823.373,199.033
250,1.33464,22.6983,999,350,521.503,121.866,417.605,280.593,0.881042,354.91,188.356,241.192,340.203,181.3
251,7.07232,23.9796,999,350,1054.94,249.303,0,140.632,4.60093,374.922,205.67,160.488,838.512,216.425
252,4.27209,23.0417,999,350,750.518,214.36,223.104,207.547,2.67187,467.349,237.482,230.524,545.371,205.147
253,1.18252,22.1304,999,350,422.148,134.414,571.671,296.116,0.786187,349.835,175.784,297.519,129.81,292.337
254,3.48804,21.3904,999,350,761.804,187.268,64.0498,217.899,2.24581,350.014,166.968,347.106,587.844,173.96
255,7.98648,22.4663,999,350,1039.32,275.462,147.774,126.233,5.11455,284.392,258.554,15.1299,836.096,203.22
256,6.24162,23.6108,999,350,868.372,258.64,0,112.387,3.92492,410.151,255.221,306.927,692.073,176.299
257,8.41076,23.6942,999,350,1060.05,281.42,86.1347,106.633,5.35877,335.694,269.955,64.8216,848.044,212.008
258,5.53447,22.3842,999,350,944.029,220.808,57.9439,162.739,3.52427,449.069,250.219,209.588,731.468,212.561
259,4.32378,22.1604,999,350,936.853,184.771,0.572332,181.952,2.78633,388.428,204.309,250.089,748.338,188.514
260,8.13083,22.5754,999,350,1000.25,284.168,0,100.588,5.13673,335.562,234.415,182.563,816.437,183.815
261,7.33609,25.0921,999,350,1027.25,256.898,0,109.539,4.63605,387.026,255.006,216.39,782.61,244.644
262,3.40777,21.7783,999,350,789.24,179.237,215.095,236.092,2.22575,442.314,226.813,313.16,470.745,318.495
263,5.55838,22.9521,999,350,990.511,209.299,11.6847,181.347,3.46903,427.143,244.222,251.258,736.057,254.454
264,8.26268,23.6362,999,350,988.577,287.486,0,77.378,5.15551,415.251,262.8,204.651,794.349,194.229
265,7.98344,24.1354,999,350,1006.39,275.321,0,93.5227,4.9669,433.435,266.174,194.516,804.484,201.903
266,7.92961,23.9362,999,350,995.477,275.327,0,92.1349,4.91876,441.422,268.158,195.123,803.877,191.6
267,5.293,23.3488,999,350,1008.56,199.549,0,165.937,3.27195,442.319,219.931,236.046,762.954,245.602
268,5.53101,21.5783,999,350,893.669,221.465,105.435,187.92,3.35899,432.337,218.499,232.625,660.94,232.729
269,3.53506,21.0037,999,350,998.009,148.031,1.28746,225.04,2.15748,459.45,182.138,379.185,618.528,379.482
270,2.09452,20.495,999,350,747.241,131.373,249.405,290.128,1.35882,431.601,152.323,329.743,419.852,327.389
271,5.52508,21.7921,999,350,1001.77,203.704,0,185.922,3.35589,443.583,186.598,211.794,787.206,214.566
272,5.77983,21.8046,999,350,971.827,213.571,13.8396,177.126,3.49023,434.302,222.521,290.584,694.577,277.25
273,4.4366,24.0483,999,350,999.804,176.823,0,191.846,2.76569,451.97,193.905,336.83,662.17,337.634
274,7.24028,23.3971,999,350,981.658,251.684,4.12793,135.927,4.32652,377.394,206.155,200.225,794.647,187.011
275,7.10169,22.9317,999,350,995.384,245.323,0,125.83,4.24622,368.565,226.631,187.196,811.804,183.58
276,6.01028,22.4546,999,350,1013.54,212.132,0,160.706,3.57901,447.79,202.311,258.183,740.817,272.724
277,6.85271,21.425,999,350,994.457,237.025,0,142.421,4.06348,379.841,202.719,203.789,795.211,199.246
278,7.75275,18.8888,999,350,1008.26,258.279,0,119.953,4.58994,411.448,233.909,182.521,816.479,191.778
279,7.67712,19.9579,999,350,1009.33,254.478,0,112.822,4.50385,407.692,238.98,200.692,798.308,211.021
280,4.43639,20.5004,999,350,984.506,168.655,10.1072,203.451,2.55809,462.749,183.952,255.961,732.931,251.575
281,3.47792,20.4063,999,350,994.007,145.346,8.9264,251.262,2.09799,411.013,163.616,285.039,705.035,288.972
282,3.13538,19.2512,999,350,835.684,151.784,151.081,261.812,1.85965,481.266,172.651,419.335,428.584,407.1
283,5.13335,20.3333,999,350,885.479,201.241,0,183.357,2.88516,394.579,202.232,323.995,675.005,210.474
284,5.15458,17.7096,999,350,1046.62,185.583,78.0841,207.946,3.0698,343.231,188.331,248.813,672.103,374.52
285,1.57907,17.4758,999,350,736.142,100.509,75.2361,287.688,0.869387,281.226,137.788,522.542,401.222,334.92
286,5.8381,16.9712,999,350,1035.29,198.47,146.773,202.384,3.33396,317.005,182.825,111.394,740.833,294.458
287,0.92389,18.8346,999,350,484.726,98.2157,443.583,312.134,0.575962,281.771,132.144,266.711,288.707,196.019
288,6.07082,20.1854,999,350,1025.95,205.895,38.7407,195.258,3.46893,399.571,183.055,184.455,775.804,250.145
289,7.0483,20.2083,999,350,1007.97,226.928,0,151.406,3.88281,428.255,208.509,201.426,797.574,210.392
290,5.77368,21.0796,999,350,940.052,201.409,43.4712,187.42,3.09134,414.246,208.099,220.178,735.351,204.701
291,6.01164,22.84,999,350,986.741,201.773,0,178.527,3.24451,472.509,199.618,206.825,792.175,194.566
292,5.70216,23.6608,999,350,970.377,194.906,50.7063,194.291,3.06708,463.013,191.096,180.327,767.967,202.41
293,6.06576,22.3458,999,350,1000.24,200.374,0,180.262,3.26535,451.476,186.013,196.244,802.756,197.48
294,6.27288,24.1246,999,350,974.486,207.862,0,174.514,3.33918,401.157,193.385,193.738,805.262,169.224
295,6.07649,20.7312,999,350,923.588,209.262,0,174.013,3.17659,308.696,205.408,259.343,739.657,183.93
296,6.53737,19.6142,999,350,1030.94,205.08,71.9014,187.018,3.46746,376.765,201.894,106.654,820.445,210.492
297,6.21752,19.0063,999,350,1000.33,199.686,0,175.879,3.25369,421.829,188.492,209.646,789.354,210.973
298,5.07533,19.8687,999,350,961.873,175.454,23.7436,220.63,2.62391,409.065,190.964,219.446,755.81,206.063
299,6.30476,18.9963,999,350,1005.34,198.679,6.29228,183.003,3.24386,424.821,198.266,199.193,793.515,211.823
300,5.73782,19.9696,999,350,972.011,187.925,9.57548,191.163,2.91046,430.899,178.674,220.122,769.302,202.709
301,6.10023,20.2271,999,350,1014.18,190.218,2.97561,195.303,3.08524,409.442,175.383,199.547,796.478,217.698
302,6.3526,20.9913,999,350,988.506,199.809,0.660527,186.013,3.21286,429.934,187.027,220.731,777.608,210.897
303,5.82612,19.8546,999,350,937.749,192.513,19.6668,190.754,2.90687,410.608,181.266,266.92,712.413,225.336
304,2.40022,14.0592,999,350,824.44,115.885,166.206,286.57,1.21266,309.979,137.554,311.888,520.905,303.535
305,6.59193,15.8608,999,350,967.374,203.655,35.9906,197.038,3.22384,323.424,184.105,203.14,759.869,207.504
306,2.37945,17.155,999,350,677.394,134.539,189.177,266.876,1.27394,174.613,177.704,333.201,476.622,200.773
307,0.15458,19.5054,999,350,58.0905,92.8571,940.908,356.653,0.0880428,0.000698455,18.9493,0.00116406,58.0905,2.13163e-14
308,0.21666,18.9917,999,350,98.6241,92.8571,900.376,354.636,0.118549,5.97075,92.1411,39.8047,58.8194,39.8047
309,2.326,14.2042,999,350,711.262,120.943,287.739,299.538,1.12423,138.182,120.107,224.421,486.84,224.422
310,0.18309,13.9642,999,350,36.2452,92.8571,962.754,357.776,0.0862691,0.000552732,11.5779,0.000921198,36.2452,7.10543e-15
311,0.2537,16.6462,999,350,99.9411,92.8571,899.059,354.571,0.14564,4.3553,91.8206,29.0349,70.9062,29.0349
312,0.07834,17.2971,999,350,4.91689,92.8571,994.083,359.387,0.0446458,1.74213e-05,17.2971,2.90348e-05,4.91689,2.13163e-14
313,2.15472,15.2533,999,350,716.598,115,417.004,317.291,1.03852,214.79,127.632,142.268,439.728,276.87
314,3.62357,13.9646,999,350,842.848,142.372,159.674,271.817,1.70428,333.204,148.851,294.849,544.477,298.372
315,4.90435,12.2925,999,350,802.696,171.423,175.89,244.249,2.11409,333.085,168.321,219.22,603.89,198.806
316,6.39117,13.7167,999,350,922.943,194.832,95.3257,204.438,2.89962,330.593,179.356,214.382,689.292,233.651
317,6.12381,13.41,999,350,912.859,190.012,76.7903,204.801,2.77733,314.04,173.703,261.269,660.94,251.918
318,5.81068,13.1867,999,350,909.908,180.297,82.3715,216.686,2.57273,310.773,165.679,246.058,670.57,239.338
319,5.57284,16.0321,999,350,906.044,175.953,89.0918,224.764,2.47712,299.798,164.996,220.412,689.496,216.548
320,5.78945,16.3029,999,350,922.783,178.571,92.956,222.581,2.57518,317.982,171.616,193.744,712.3,210.483
321,4.193,14.7246,999,350,778.747,159.761,86.4717,238.493,1.84176,223.569,165.34,393.744,518.784,259.962
322,5.77157,14.8367,999,350,803.28,187.457,328.877,249.773,2.40184,225.186,186.132,77.8494,592.274,211.006
323,5.95156,13.8192,999,350,920.734,178.869,76.8427,214.858,2.57522,324.128,171.005,243.462,678.696,242.039
324,3.59182,13.7396,999,350,906.959,129.208,78.2657,267.103,1.56559,433.85,134.887,287.1,633.635,273.325
325,0.57573,13.8629,999,350,146.039,96.0064,735.002,342.004,0.24982,85.9156,119.034,117.959,146.039,5.68434e-14
326,4.07428,14.775,999,350,918.105,131.523,209.999,279.104,1.64176,260.107,111.759,116.525,672.476,245.629
327,4.62919,13.8879,999,350,832.363,151.647,80.8959,254.671,1.84381,306.932,125.037,280.463,637.641,194.723
328,1.77772,15.1512,999,350,603.683,102.582,470.46,324.39,0.764742,218.377,98.1145,149.214,379.326,224.358
329,1.87047,16.3383,999,350,504.825,121.399,495.844,321.215,0.810366,256.671,113.822,205.655,297.501,207.325
330,0.43612,14.3179,999,350,104.295,92.8571,774.528,344.476,0.194743,87.9107,119.336,120.176,104.295,1.42109e-14
331,5.1627,9.79291,999,350,831.347,160.525,209.999,255.141,1.98307,193.427,148.437,165.495,623.506,207.841
332,5.91493,9.19208,999,350,900.447,172.451,174.091,239.849,2.39748,220.008,163.539,127.803,697.106,203.341
333,5.83147,8.91334,999,350,908.812,168.051,92.1161,232.141,2.33287,304.966,160.345,202.036,704.847,203.965
334,6.6119,9.49666,999,350,926.306,184.067,90.1876,215.955,2.70027,325.467,169.019,239.054,669.759,256.547
335,6.5429,9.93958,999,350,925.594,181.747,72.6942,215.092,2.64818,328.88,171.391,241.955,684.351,241.243
336,6.54879,11.3754,999,350,927.038,181.014,73.406,215.57,2.638,343.772,171.257,234.998,690.596,236.442
337,6.48758,11.9571,999,350,927.052,178.571,71.9622,219.327,2.58724,368.226,172.434,223.331,703.707,223.346
338,6.41556,12.2188,999,350,919.861,177.564,71.9477,217.777,2.54954,320.625,169.884,245.885,681.168,238.694
339,6.19109,11.24,999,350,899.285,174.627,84.7196,224.659,2.4387,281.722,165.689,223.854,690.427,208.859
340,6.19308,10.2575,999,350,893.888,174.499,102.952,227.333,2.4245,264.296,165.12,205.49,690.558,203.33
341,6.20001,8.54291,999,350,889.985,174.294,116.727,229.464,2.41158,268.353,164.729,194.827,687.445,202.54
342,6.31702,10.3042,999,350,902.961,174.284,94.1537,226.075,2.44219,280.054,163.233,210.545,694.301,208.66
343,5.66656,12.4771,999,350,920.073,159.167,90.4665,239.054,2.18987,339.634,145.516,252.744,655.789,264.284
344,3.77411,13.4633,999,350,884.259,123.082,78.9271,276.742,1.42244,397.387,128.102,252.775,667.298,216.961
345,4.73001,12.4454,999,350,900.621,135.381,136.752,274.046,1.69141,340.715,131.213,165.259,696.989,203.632
346,2.48344,12.7475,999,350,686.632,105.294,248.51,306.273,0.874663,247.893,116.796,302.44,448.05,238.581
347,6.31423,13.7962,999,350,924.448,168.334,142.64,242.788,2.3793,280.457,149.044,187.611,668.748,255.7
348,6.26233,12.5063,999,350,914.03,167.869,81.8697,231.463,2.34715,321.405,158.82,227.858,689.272,224.757
349,6.157,12.7162,999,350,891.608,165.781,90.7678,233.894,2.24211,286.185,155.72,209.644,698.588,193.02
350,0.17613,12.5671,999,350,14.9036,92.8571,865.96,345.133,0.0610649,86.0752,148.742,118.137,14.9036,9.23706e-14
351,2.88456,12.9475,999,350,518.864,141.655,607.86,318.521,1.08459,213.045,149.95,70.0006,321.139,197.725
352,0.49056,12.1646,999,350,150.998,92.8571,720.277,337.089,0.199091,101.174,144.99,170.854,107.869,43.1299
353,7.28187,9.11125,999,350,926.99,182.439,209.999,233.961,2.6668,240.225,174.87,87.2385,701.762,225.228
354,6.7962,9.5425,999,350,913.774,174.659,75.9671,221.502,2.47587,311.463,169.216,220.744,702.289,211.485
355,6.72892,9.20792,999,350,906.982,174.115,88.632,225.288,2.44955,292.37,164.124,214.14,696.228,210.754
356,6.57207,9.34208,999,350,905.721,170.843,104.896,230.881,2.38097,304.322,160.683,218.065,676.039,229.682
357,0.55039,11.8938,999,350,129.375,92.8571,732.664,335.802,0.170345,103.018,156.21,136.961,129.375,8.52651e-14
358,0.73615,12.9821,999,350,207.51,120.666,791.489,342.213,0.379029,9.19536,134.762,55.6503,151.861,55.6496
359,5.60174,11.36,999,350,924.419,146.867,210,267.938,1.94855,303.188,140.035,87.3915,701.609,222.811
360,0.15654,12.6896,999,350,0,-nan(ind),863.581,345.216,0.0641736,101.629,140.226,135.419,0,0
361,5.29908,11.3088,999,350,897.681,147.176,237.351,270.732,1.91347,265.376,140.903,114.072,647.577,250.103
362,6.29785,7.55292,999,350,923.291,161.651,76.5489,239.188,2.24423,328.12,148.997,221.132,701.319,221.972
363,5.33994,7.30542,999,350,854.328,149.232,143.129,258.113,1.86657,382.16,147.312,206.871,649,205.328
364,5.39904,8.41166,999,350,886.651,145.914,105.701,256.165,1.86639,352.933,138.247,262.374,630.925,255.726
